[
  {
    "id": 1,
    "name": "Ri Task",
    "status": "running",
    "created_at": "2025-04-23T12:03:14.609166"
  },
  {
    "id": 2,
    "name": "Ri Task",
    "status": "running",
    "created_at": "2025-04-23T12:17:04.428709"
  },
  {
    "id": 3,
    "name": "Richa Task",
    "status": "running",
    "created_at": "2025-04-23T12:21:07.200734"
  },
  {
    "id": 4,
    "name": "Richa Task",
    "status": "running",
    "created_at": "2025-04-23T13:28:18.958282"
  }
]